{
  "model_id": "lerobot/smolvla_base",
  "dataset_id": "lerobot/libero",
  "episode_index": 0,
  "episode_start_index": 0,
  "episode_end_index": 214,
  "selected_frame_index": 0,
  "model_load_seconds": 10.96556959999998,
  "dataset_load_seconds": 0.2885223000002952,
  "frame_load_seconds": 0.10604779999994207,
  "inference_seconds": 0.8520227999997587,
  "torch_version": "2.11.0+cu130",
  "cuda_runtime": "13.0",
  "gpu": "NVIDIA GeForce RTX 5060",
  "predicted_action": [
    [
      -0.11344929039478302,
      0.13672730326652527,
      0.8465724587440491,
      2.2237067222595215,
      -0.003950032871216536,
      -0.2447088658809662
    ]
  ],
  "recorded_action": [
    0.01607142947614193,
    0.0,
    -0.0,
    0.0,
    0.0,
    -0.0,
    -1.0
  ],
  "comparison": {
    "comparable_elements": 6,
    "mean_absolute_error": 0.5975310206413269,
    "maximum_absolute_error": 2.2237067222595215
  },
  "memory_after_model_load": {
    "allocated_gib": 0.8626236915588379,
    "reserved_gib": 0.884765625,
    "peak_allocated_gib": 0.8633379936218262
  },
  "memory_after_inference": {
    "allocated_gib": 0.8730096817016602,
    "reserved_gib": 0.935546875,
    "peak_allocated_gib": 0.9038662910461426
  },
  "raw_frame_fields": {
    "observation.images.image": {
      "shape": [
        3,
        256,
        256
      ],
      "dtype": "torch.float32",
      "minimum": 0.0,
      "maximum": 0.95686274766922,
      "mean": 0.26699480414390564
    },
    "observation.images.image2": {
      "shape": [
        3,
        256,
        256
      ],
      "dtype": "torch.float32",
      "minimum": 0.0,
      "maximum": 1.0,
      "mean": 0.26581406593322754
    },
    "observation.state": {
      "shape": [
        8
      ],
      "dtype": "torch.float32",
      "minimum": -0.08994418382644653,
      "maximum": 3.1407692432403564,
      "mean": 0.46057045459747314
    },
    "action": {
      "shape": [
        7
      ],
      "dtype": "torch.float32",
      "minimum": -1.0,
      "maximum": 0.01607142947614193,
      "mean": -0.14056122303009033
    },
    "timestamp": {
      "shape": [],
      "dtype": "torch.float32",
      "minimum": 0.0,
      "maximum": 0.0,
      "mean": 0.0
    },
    "frame_index": {
      "shape": [],
      "dtype": "torch.int64"
    },
    "episode_index": {
      "shape": [],
      "dtype": "torch.int64"
    },
    "index": {
      "shape": [],
      "dtype": "torch.int64"
    },
    "task_index": {
      "shape": [],
      "dtype": "torch.int64"
    },
    "task": {
      "type": "str",
      "value": "put the white mug on the left plate and put the yellow and white mug on the right plate"
    }
  }
}